DID,DSID,Physics_identifier,Tags,MC_campaign,Physics_process_short,Files,Size [GB],Events [k],Job_ID,Job_link,Status,ZdZd13TeV_commit,Athena_release,Submitted_by,Submitted_date,Finished_date,Output_dataset,Ntuple_files,Ntuple_size [GB],Ntuple_events,hard_l_pdgId,truth_llll_tlv_pt,llll_tlv_pt,Merged_file_path,Notes
mc23_13p6TeV:mc23_13p6TeV.601504.PhPy8EG_PDF4LHC21_ggZH125_Zincl_HZZ_4l_notau.deriv.DAOD_PHYS.e8558_s4162_r15540_p7266,601504,PhPy8EG_PDF4LHC21_ggZH125_Zincl_HZZ_4l_notau,e8558_s4162_r15540_p7266,mc23a,H_ZZ_4l,10,9.863,300,,,Not submitted,,,,,,,,,,,,,,
mc23_13p6TeV:mc23_13p6TeV.601634.PhPy8EG_PDF4LHC21_4FS_A14NNPDF_bbH_HZZ_4l_notau.deriv.DAOD_PHYS.e8558_s4162_r15540_p7266,601634,PhPy8EG_PDF4LHC21_4FS_A14NNPDF_bbH_HZZ_4l_notau,e8558_s4162_r15540_p7266,mc23a,H_ZZ_4l,11,10.224,390,51797820,https://bigpanda.cern.ch/task/51797820/,Submitted,5d13c7264ca3,"AthAnalysis,25.2.102",connell,2026-07-30,,bbH_ZZ4l_notau_mc23All_v1,,,,,,,,
mc23_13p6TeV:mc23_13p6TeV.601504.PhPy8EG_PDF4LHC21_ggZH125_Zincl_HZZ_4l_notau.deriv.DAOD_PHYS.e8558_s4159_r15530_p7266,601504,PhPy8EG_PDF4LHC21_ggZH125_Zincl_HZZ_4l_notau,e8558_s4159_r15530_p7266,mc23d,H_ZZ_4l,11,10.951,300,,,Not submitted,,,,,,,,,,,,,,
mc23_13p6TeV:mc23_13p6TeV.601502.PhPy8EG_PDF4LHC21_WmH125J_Wincl_MINLO_HZZ_4l_notau.deriv.DAOD_PHYS.e8558_s4159_r15530_p7266,601502,PhPy8EG_PDF4LHC21_WmH125J_Wincl_MINLO_HZZ_4l_notau,e8558_s4159_r15530_p7266,mc23d,H_ZZ_4l,14,25.299,800,,,Not submitted,,,,,,,,,,,,,,
mc23_13p6TeV:mc23_13p6TeV.601634.PhPy8EG_PDF4LHC21_4FS_A14NNPDF_bbH_HZZ_4l_notau.deriv.DAOD_PHYS.e8558_s4159_r15530_p7266,601634,PhPy8EG_PDF4LHC21_4FS_A14NNPDF_bbH_HZZ_4l_notau,e8558_s4159_r15530_p7266,mc23d,H_ZZ_4l,14,11.741,400,51797820,https://bigpanda.cern.ch/task/51797820/,Submitted,5d13c7264ca3,"AthAnalysis,25.2.102",connell,2026-07-30,,bbH_ZZ4l_notau_mc23All_v1,,,,,,,,
mc23_13p6TeV:mc23_13p6TeV.601503.PhPy8EG_PDF4LHC21_ZH125J_Zincl_MINLO_HZZ_4l_notau.deriv.DAOD_PHYS.e8558_s4159_r15530_p7266,601503,PhPy8EG_PDF4LHC21_ZH125J_Zincl_MINLO_HZZ_4l_notau,e8558_s4159_r15530_p7266,mc23d,H_ZZ_4l,16,24.667,770,,,Not submitted,,,,,,,,,,,,,,
mc23_13p6TeV:mc23_13p6TeV.601501.PhPy8EG_PDF4LHC21_WpH125J_Wincl_MINLO_HZZ_4l_notau.deriv.DAOD_PHYS.e8558_s4159_r15530_p7266,601501,PhPy8EG_PDF4LHC21_WpH125J_Wincl_MINLO_HZZ_4l_notau,e8558_s4159_r15530_p7266,mc23d,H_ZZ_4l,18,25.154,800,,,Not submitted,,,,,,,,,,,,,,
mc23_13p6TeV:mc23_13p6TeV.601634.PhPy8EG_PDF4LHC21_4FS_A14NNPDF_bbH_HZZ_4l_notau.deriv.DAOD_PHYS.e8558_s4369_r16083_p7266,601634,PhPy8EG_PDF4LHC21_4FS_A14NNPDF_bbH_HZZ_4l_notau,e8558_s4369_r16083_p7266,mc23e,H_ZZ_4l,18,29.725,990,51797820,https://bigpanda.cern.ch/task/51797820/,Submitted,5d13c7264ca3,"AthAnalysis,25.2.102",connell,2026-07-30,,bbH_ZZ4l_notau_mc23All_v1,,,,,,,,
mc23_13p6TeV:mc23_13p6TeV.601501.PhPy8EG_PDF4LHC21_WpH125J_Wincl_MINLO_HZZ_4l_notau.deriv.DAOD_PHYS.e8558_s4162_r15540_p7266,601501,PhPy8EG_PDF4LHC21_WpH125J_Wincl_MINLO_HZZ_4l_notau,e8558_s4162_r15540_p7266,mc23a,H_ZZ_4l,19,22.591,800,,,Not submitted,,,,,,,,,,,,,,
mc23_13p6TeV:mc23_13p6TeV.601503.PhPy8EG_PDF4LHC21_ZH125J_Zincl_MINLO_HZZ_4l_notau.deriv.DAOD_PHYS.e8558_s4162_r15540_p7266,601503,PhPy8EG_PDF4LHC21_ZH125J_Zincl_MINLO_HZZ_4l_notau,e8558_s4162_r15540_p7266,mc23a,H_ZZ_4l,19,23.052,800,,,Not submitted,,,,,,,,,,,,,,
mc23_13p6TeV:mc23_13p6TeV.601502.PhPy8EG_PDF4LHC21_WmH125J_Wincl_MINLO_HZZ_4l_notau.deriv.DAOD_PHYS.e8558_s4162_r15540_p7266,601502,PhPy8EG_PDF4LHC21_WmH125J_Wincl_MINLO_HZZ_4l_notau,e8558_s4162_r15540_p7266,mc23a,H_ZZ_4l,19,22.776,800,,,Not submitted,,,,,,,,,,,,,,
mc23_13p6TeV:mc23_13p6TeV.601504.PhPy8EG_PDF4LHC21_ggZH125_Zincl_HZZ_4l_notau.deriv.DAOD_PHYS.e8558_s4369_r16083_p7266,601504,PhPy8EG_PDF4LHC21_ggZH125_Zincl_HZZ_4l_notau,e8558_s4369_r16083_p7266,mc23e,H_ZZ_4l,22,33.399,900,,,Not submitted,,,,,,,,,,,,,,
mc23_13p6TeV:mc23_13p6TeV.601505.PhPy8EG_PDF4LHC21_inclusive_ttH125_HZZ_4l_notau.deriv.DAOD_PHYS.e8558_s4159_r15530_p7266,601505,PhPy8EG_PDF4LHC21_inclusive_ttH125_HZZ_4l_notau,e8558_s4159_r15530_p7266,mc23d,H_ZZ_4l,23,49.558,990,,,Not submitted,,,,,,,,,,,,,,
mc23_13p6TeV:mc23_13p6TeV.601505.PhPy8EG_PDF4LHC21_inclusive_ttH125_HZZ_4l_notau.deriv.DAOD_PHYS.e8558_s4162_r15540_p7266,601505,PhPy8EG_PDF4LHC21_inclusive_ttH125_HZZ_4l_notau,e8558_s4162_r15540_p7266,mc23a,H_ZZ_4l,30,46.122,1000,,,Not submitted,,,,,,,,,,,,,,
mc23_13p6TeV:mc23_13p6TeV.601500.PhPy8EG_PDF4LHC21_VBFH125_HZZ_4l_notau.deriv.DAOD_PHYS.e8558_s4162_r15540_p7266,601500,PhPy8EG_PDF4LHC21_VBFH125_HZZ_4l_notau,e8558_s4162_r15540_p7266,mc23a,H_ZZ_4l,32,57.272,2190,,,Not submitted,,,,,,,,,,,,,,
mc23_13p6TeV:mc23_13p6TeV.601505.PhPy8EG_PDF4LHC21_inclusive_ttH125_HZZ_4l_notau.deriv.DAOD_PHYS.e8558_s4369_r16083_p7266,601505,PhPy8EG_PDF4LHC21_inclusive_ttH125_HZZ_4l_notau,e8558_s4369_r16083_p7266,mc23e,H_ZZ_4l,36,111.5,2200,,,Not submitted,,,,,,,,,,,,,,
mc23_13p6TeV:mc23_13p6TeV.601503.PhPy8EG_PDF4LHC21_ZH125J_Zincl_MINLO_HZZ_4l_notau.deriv.DAOD_PHYS.e8558_s4369_r16083_p7266,601503,PhPy8EG_PDF4LHC21_ZH125J_Zincl_MINLO_HZZ_4l_notau,e8558_s4369_r16083_p7266,mc23e,H_ZZ_4l,36,65.332,1990,,,Not submitted,,,,,,,,,,,,,,
mc23_13p6TeV:mc23_13p6TeV.601501.PhPy8EG_PDF4LHC21_WpH125J_Wincl_MINLO_HZZ_4l_notau.deriv.DAOD_PHYS.e8558_s4369_r16083_p7266,601501,PhPy8EG_PDF4LHC21_WpH125J_Wincl_MINLO_HZZ_4l_notau,e8558_s4369_r16083_p7266,mc23e,H_ZZ_4l,41,64.588,2000,,,Not submitted,,,,,,,,,,,,,,
mc23_13p6TeV:mc23_13p6TeV.601502.PhPy8EG_PDF4LHC21_WmH125J_Wincl_MINLO_HZZ_4l_notau.deriv.DAOD_PHYS.e8558_s4369_r16083_p7266,601502,PhPy8EG_PDF4LHC21_WmH125J_Wincl_MINLO_HZZ_4l_notau,e8558_s4369_r16083_p7266,mc23e,H_ZZ_4l,42,64.98,2000,,,Not submitted,,,,,,,,,,,,,,
mc23_13p6TeV:mc23_13p6TeV.601500.PhPy8EG_PDF4LHC21_VBFH125_HZZ_4l_notau.deriv.DAOD_PHYS.e8558_s4159_r15530_p7266,601500,PhPy8EG_PDF4LHC21_VBFH125_HZZ_4l_notau,e8558_s4159_r15530_p7266,mc23d,H_ZZ_4l,43,64.449,2200,,,Not submitted,,,,,,,,,,,,,,
mc23_13p6TeV:mc23_13p6TeV.604263.PhPy8EG_Hto4l_NNLOPS_nnlo_30_ggH125_ZZ4l.deriv.DAOD_PHYS.e8601_s4162_r15540_p7266,604263,PhPy8EG_Hto4l_NNLOPS_nnlo_30_ggH125_ZZ4l,e8601_s4162_r15540_p7266,mc23a,H_ZZ_4l,56,97.158,4000,51797820,https://bigpanda.cern.ch/task/51797820/,Submitted,5d13c7264ca3,"AthAnalysis,25.2.102",connell,2026-07-30,,bbH_ZZ4l_notau_mc23All_v1,,,,,,,,
mc23_13p6TeV:mc23_13p6TeV.601500.PhPy8EG_PDF4LHC21_VBFH125_HZZ_4l_notau.deriv.DAOD_PHYS.e8558_s4369_r16083_p7266,601500,PhPy8EG_PDF4LHC21_VBFH125_HZZ_4l_notau,e8558_s4369_r16083_p7266,mc23e,H_ZZ_4l,62,159.855,5320,,,Not submitted,,,,,,,,,,,,,,
<<<<<<< HEAD,,,,,,,,,,,,,,,,,,,,,,,,,
mc23_13p6TeV:mc23_13p6TeV.604263.PhPy8EG_Hto4l_NNLOPS_nnlo_30_ggH125_ZZ4l.deriv.DAOD_PHYS.e8601_s4159_r15530_p7266,604263,PhPy8EG_Hto4l_NNLOPS_nnlo_30_ggH125_ZZ4l,e8601_s4159_r15530_p7266,mc23d,H_ZZ_4l,63,108.768,3980,51797820,https://bigpanda.cern.ch/task/51797820/,Submitted,5d13c7264ca3,"AthAnalysis,25.2.102",connell,2026-07-30,,bbH_ZZ4l_notau_mc23All_v1,,,,,,,,
mc23_13p6TeV:mc23_13p6TeV.604263.PhPy8EG_Hto4l_NNLOPS_nnlo_30_ggH125_ZZ4l.deriv.DAOD_PHYS.e8601_s4369_r16083_p7266,604263,PhPy8EG_Hto4l_NNLOPS_nnlo_30_ggH125_ZZ4l,e8601_s4369_r16083_p7266,mc23e,H_ZZ_4l,165,308.743,10970,51797820,https://bigpanda.cern.ch/task/51797820/,Submitted,5d13c7264ca3,"AthAnalysis,25.2.102",connell,2026-07-30,,bbH_ZZ4l_notau_mc23All_v1,,,,,,,,
=======,,,,,,,,,,,,,,,,,,,,,,,,,
mc23_13p6TeV:mc23_13p6TeV.604263.PhPy8EG_Hto4l_NNLOPS_nnlo_30_ggH125_ZZ4l.deriv.DAOD_PHYS.e8601_s4159_r15530_p7266,604263,PhPy8EG_Hto4l_NNLOPS_nnlo_30_ggH125_ZZ4l,e8601_s4159_r15530_p7266,mc23d,H_ZZ_4l,63,108.768,3980,,,Not submitted,,,,,,,,,,,,,,
mc23_13p6TeV:mc23_13p6TeV.604263.PhPy8EG_Hto4l_NNLOPS_nnlo_30_ggH125_ZZ4l.deriv.DAOD_PHYS.e8601_s4369_r16083_p7266,604263,PhPy8EG_Hto4l_NNLOPS_nnlo_30_ggH125_ZZ4l,e8601_s4369_r16083_p7266,mc23e,H_ZZ_4l,165,308.743,10970,,,Not submitted,,,,,,,,,,,,,,
>>>>>>> parent of 048203f (Added submission details for DSID 604263, mc23d and mc23e samples.),,,,,,,,,,,,,,,,,,,,,,,,
